total bytes,data bytes,header bytes,runtime,
10440128,10320162,119966,46.090142011642456,
10436998,10320162,116836,46.49290204048157,
10436998,10320162,116836,47.435752868652344,
10436998,10320162,116836,50.946311950683594,
10436998,10320162,116836,48.431349992752075,
10436998,10320162,116836,48.114222049713135,
10436998,10320162,116836,48.739181995391846,
10436998,10320162,116836,48.03675603866577,
10437990,10320162,117828,47.4794819355011,
10436998,10320162,116836,48.74815487861633,
