runtime,header bytes, body bytes
0.02047109603881836,118,10320162,
0.012957096099853516,118,10320162,
0.022055864334106445,118,10320162,
0.018422842025756836,118,10320162,
0.017740964889526367,118,10320162,
0.019729137420654297,118,10320162,
0.017925262451171875,118,10320162,
0.01459813117980957,118,10320162,
0.013730049133300781,118,10320162,
0.018050193786621094,118,10320162,
0.010557174682617188,118,10320162,
