runtime,header bytes, body bytes
1.636099100112915,166,10320162,
1.3595728874206543,166,10320162,
1.5235729217529297,166,10320162,
2.032240152359009,166,10320162,
1.4666128158569336,166,10320162,
1.374819278717041,166,10320162,
2.2992348670959473,166,10320162,
3.936282157897949,166,10320162,
3.9212870597839355,166,10320162,
