runtime,header bytes, body bytes
1.5211520195007324,117,10320162,
1.1697123050689697,117,10320162,
1.3405160903930664,117,10320162,
1.6458721160888672,117,10320162,
2.161007881164551,117,10320162,
1.3621101379394531,117,10320162,
1.4046950340270996,117,10320162,
1.373183012008667,117,10320162,
1.6196398735046387,117,10320162,
1.483062982559204,117,10320162,
