total bytes,data bytes,header bytes,runtime,
10320367,10320162,205,1.9386260509490967,
10320367,10320162,205,1.6265671253204346,
10320367,10320162,205,1.3508939743041992,
10320367,10320162,205,1.5144660472869873,
10320367,10320162,205,2.020346164703369,
10320367,10320162,205,1.4594008922576904,
10320367,10320162,205,1.363692045211792,
10320367,10320162,205,2.2886528968811035,
10320367,10320162,205,3.8286330699920654,
10320367,10320162,205,2.908066987991333,
